{"cameraMode":{"drawMode":0,"name":"Shaded","section":"Shading Mode"},"sceneLighting":true,"audioPlay":false,"sceneViewState":{"m_AlwaysRefresh":false,"showFog":true,"showSkybox":true,"showFlares":true,"showImageEffects":true,"showParticleSystems":true,"showVisualEffectGraphs":true,"m_FxEnabled":true},"in2DMode":false,"pivot":{"x":16.72711753845215,"y":7.2425689697265629,"z":9.17581558227539},"rotation":{"x":0.09760449826717377,"y":0.4470697045326233,"z":-0.049150750041007999,"w":0.8877990245819092},"size":23.319684982299806,"orthographic":false}